<?xml version="1.0" encoding="UTF-8"?>
<!DOCTYPE generatorConfiguration
  PUBLIC "-//mybatis.org//DTD MyBatis Generator Configuration 1.0//EN"
  "http://mybatis.org/dtd/mybatis-generator-config_1_0.dtd">

<generatorConfiguration>
	<context id="DB2Tables" targetRuntime="MyBatis3">
		<plugin type="org.mybatis.generator.plugins.RenameExampleClassPlugin">
			<property name="searchString" value="Example$" />
			<property name="replaceString" value="Criteria" />
		</plugin>
		<plugin type="org.mybatis.generator.plugins.MySQLPaginationPlugin" />    
		<commentGenerator>
			<property name="suppressDate" value="true" />
			<property name="suppressAllComments" value="true" />
		</commentGenerator>

		<jdbcConnection driverClass="com.mysql.jdbc.Driver"
			connectionURL="jdbc:mysql://223.202.119.140:39316/devibsschldb1"
			userId="devibsschlusr1" password="devibsschlusr1">
		</jdbcConnection>

		<javaTypeResolver
			type="org.mybatis.generator.internal.types.JavaTypeResolver4MvneImpl">
			<property name="forceBigDecimals" value="false" />
		</javaTypeResolver>


		<javaModelGenerator targetPackage="com.ailk.mvno.crm.channels.mapper.bo"
			targetProject="D:\workbanch\iwork\ibss-center-platform-forpaas\ibss-channels-project\channels-center\src\main\java">
			<property name="enableSubPackages" value="true" />
			<property name="trimStrings" value="true" />
		</javaModelGenerator>

		<sqlMapGenerator targetPackage="com.ailk.mvno.crm.channels.mapper.conf"
			targetProject="D:\workbanch\iwork\ibss-center-platform-forpaas\ibss-channels-project\channels-center\src\main\resources">
			<property name="enableSubPackages" value="true" />
		</sqlMapGenerator>

		<javaClientGenerator type="XMLMAPPER"
			targetPackage="com.ailk.mvno.crm.channels.mapper.interfaces"
			targetProject="D:\workbanch\iwork\ibss-center-platform-forpaas\ibss-channels-project\src\main\java">
			<property name="enableSubPackages" value="true" />
		</javaClientGenerator>


			<table tableName="tf_chl_agent" enableCountByExample="true"
						enableUpdateByExample="true" enableDeleteByExample="true"
						enableSelectByExample="true" selectByExampleQueryId="true" /> 
			<table tableName="tf_chl_agent_dept_rel" enableCountByExample="true"
						enableUpdateByExample="true" enableDeleteByExample="true"
						enableSelectByExample="true" selectByExampleQueryId="true" /> 
			<table tableName="tf_chl_agent_order" enableCountByExample="true"
						enableUpdateByExample="true" enableDeleteByExample="true"
						enableSelectByExample="true" selectByExampleQueryId="true" /> 
			<table tableName="tf_chl_agent_order_his" enableCountByExample="true"
						enableUpdateByExample="true" enableDeleteByExample="true"
						enableSelectByExample="true" selectByExampleQueryId="true" /> 
			<table tableName="tf_chl_channel" enableCountByExample="true"
						enableUpdateByExample="true" enableDeleteByExample="true"
						enableSelectByExample="true" selectByExampleQueryId="true" /> 
			<table tableName="tf_chl_channel_order" enableCountByExample="true"
						enableUpdateByExample="true" enableDeleteByExample="true"
						enableSelectByExample="true" selectByExampleQueryId="true" /> 
			<table tableName="tf_chl_channel_order_his" enableCountByExample="true"
						enableUpdateByExample="true" enableDeleteByExample="true"
						enableSelectByExample="true" selectByExampleQueryId="true" /> 
			<table tableName="tf_chl_developer" enableCountByExample="true"
						enableUpdateByExample="true" enableDeleteByExample="true"
						enableSelectByExample="true" selectByExampleQueryId="true" /> 
			<table tableName="tf_chl_kind" enableCountByExample="true"
						enableUpdateByExample="true" enableDeleteByExample="true"
						enableSelectByExample="true" selectByExampleQueryId="true" /> 
			<table tableName="tf_chl_order" enableCountByExample="true"
						enableUpdateByExample="true" enableDeleteByExample="true"
						enableSelectByExample="true" selectByExampleQueryId="true" /> 
			<table tableName="tf_chl_order_his" enableCountByExample="true"
						enableUpdateByExample="true" enableDeleteByExample="true"
						enableSelectByExample="true" selectByExampleQueryId="true" /> 
			<table tableName="tf_if_chnl_sync_log" enableCountByExample="true"
						enableUpdateByExample="true" enableDeleteByExample="true"
						enableSelectByExample="true" selectByExampleQueryId="true" /> 
			<table tableName="tf_mod_config" enableCountByExample="true"
						enableUpdateByExample="true" enableDeleteByExample="true"
						enableSelectByExample="true" selectByExampleQueryId="true" /> 
			<table tableName="tf_mod_config_order" enableCountByExample="true"
						enableUpdateByExample="true" enableDeleteByExample="true"
						enableSelectByExample="true" selectByExampleQueryId="true" /> 
			<table tableName="tf_mod_config_order_his" enableCountByExample="true"
						enableUpdateByExample="true" enableDeleteByExample="true"
						enableSelectByExample="true" selectByExampleQueryId="true" /> 
			<table tableName="tf_mod_detail" enableCountByExample="true"
						enableUpdateByExample="true" enableDeleteByExample="true"
						enableSelectByExample="true" selectByExampleQueryId="true" /> 
			<table tableName="tf_mod_detail_order" enableCountByExample="true"
						enableUpdateByExample="true" enableDeleteByExample="true"
						enableSelectByExample="true" selectByExampleQueryId="true" /> 
			<table tableName="tf_mod_detail_order_his" enableCountByExample="true"
						enableUpdateByExample="true" enableDeleteByExample="true"
						enableSelectByExample="true" selectByExampleQueryId="true" /> 
			<table tableName="tf_mod_rule_rel" enableCountByExample="true"
						enableUpdateByExample="true" enableDeleteByExample="true"
						enableSelectByExample="true" selectByExampleQueryId="true" /> 
			<table tableName="tf_mod_rule_rel_order" enableCountByExample="true"
						enableUpdateByExample="true" enableDeleteByExample="true"
						enableSelectByExample="true" selectByExampleQueryId="true" /> 	
			<table tableName="tf_mod_rule_rel_order_his" enableCountByExample="true"
						enableUpdateByExample="true" enableDeleteByExample="true"
						enableSelectByExample="true" selectByExampleQueryId="true" /> 



		
	</context>
</generatorConfiguration>
