<?xml version="1.0" encoding="UTF-8"?>
<!DOCTYPE generatorConfiguration
  PUBLIC "-//mybatis.org//DTD MyBatis Generator Configuration 1.0//EN"
  "http://mybatis.org/dtd/mybatis-generator-config_1_0.dtd">

<generatorConfiguration>
	<context id="DB2Tables" targetRuntime="MyBatis3">
		<plugin type="org.mybatis.generator.plugins.RenameExampleClassPlugin">
			<property name="searchString" value="Example$" />
			<property name="replaceString" value="Criteria" />
		</plugin>
		<plugin type="org.mybatis.generator.plugins.MySQLPaginationPlugin" />    
		<commentGenerator>
			<property name="suppressDate" value="true" />
			<property name="suppressAllComments" value="true" />
		</commentGenerator>

		<jdbcConnection driverClass="com.mysql.jdbc.Driver"
			connectionURL="jdbc:mysql://10.1.228.222:39306/devoptclcdb1"
			userId="devoptclcusr01" password="devoptclcusr01">
		</jdbcConnection>

		<javaTypeResolver
			type="org.mybatis.generator.internal.types.JavaTypeResolver4MvneImpl">
			<property name="forceBigDecimals" value="false" />
		</javaTypeResolver>

		<javaModelGenerator targetPackage="com.ai.runner.clc.dao.mapper.bo"
			targetProject="E:\WorkSpace\RunnerSVN\Runner-CLC\src\main\java">
			<property name="enableSubPackages" value="true" />
			<property name="trimStrings" value="true" />
		</javaModelGenerator>

		<sqlMapGenerator targetPackage="mybatis.mapper.clc"
			targetProject="E:\WorkSpace\RunnerSVN\Runner-CLC\src\main\resources">
			<property name="enableSubPackages" value="true" />
		</sqlMapGenerator>

		<javaClientGenerator type="XMLMAPPER"
			targetPackage="com.ai.runner.clc.dao.mapper.interfaces"
			targetProject="E:\WorkSpace\RunnerSVN\Runner-CLC\src\main\java">
			<property name="enableSubPackages" value="true" />
		</javaClientGenerator>
		

			<table tableName="CHG_STAT_COLLECT_HIS" enableCountByExample="true"
			enableUpdateByExample="true" enableDeleteByExample="true"
			enableSelectByExample="true" selectByExampleQueryId="true" />

	</context>
</generatorConfiguration>
