<?xml version="1.0" encoding="UTF-8"?>
<!DOCTYPE generatorConfiguration
  PUBLIC "-//mybatis.org//DTD MyBatis Generator Configuration 1.0//EN"
  "http://mybatis.org/dtd/mybatis-generator-config_1_0.dtd">

<generatorConfiguration>
	<context id="DB2Tables" targetRuntime="MyBatis3">
		<plugin type="org.mybatis.generator.plugins.RenameExampleClassPlugin">
			<property name="searchString" value="Example$" />
			<property name="replaceString" value="Criteria" />
		</plugin>
		<plugin type="org.mybatis.generator.plugins.MySQLPaginationPlugin" />    
		<commentGenerator>
			<property name="suppressDate" value="true" />
			<property name="suppressAllComments" value="true" />
		</commentGenerator>

		<jdbcConnection driverClass="com.mysql.jdbc.Driver"
			connectionURL="jdbc:mysql://10.1.228.222:39306/devcmgc1"
			userId="devcmgc01" password="devcmgc01">
		</jdbcConnection>

		<javaTypeResolver
			type="org.mybatis.generator.internal.types.JavaTypeResolver4MvneImpl">
			<property name="forceBigDecimals" value="false" />
		</javaTypeResolver>

		<javaModelGenerator targetPackage="com.ai.runner.cmgc.core.dao.mapper.bo"
			targetProject="F:\mybatis-generator\test\src">
			<property name="enableSubPackages" value="true" />
			<property name="trimStrings" value="true" />
		</javaModelGenerator>

		<sqlMapGenerator targetPackage="mybatis.mapper.cmgc.core"
			targetProject="F:\mybatis-generator\test\src">
			<property name="enableSubPackages" value="true" />
		</sqlMapGenerator>

		<javaClientGenerator type="XMLMAPPER"
			targetPackage="com.ai.runner.cmgc.core.dao.mapper.interfaces"
			targetProject="F:\mybatis-generator\test\src">
			<property name="enableSubPackages" value="true" />
		</javaClientGenerator>
		
	<!--table tableName="SYN_SUBS_COMBO_INFO" enableCountByExample="true"
		enableUpdateByExample="true" enableDeleteByExample="true"
		enableSelectByExample="true" selectByExampleQueryId="true" />
		
	<table tableName="SYN_GROUP_COMBO_INFO" enableCountByExample="true"
		enableUpdateByExample="true" enableDeleteByExample="true"
		enableSelectByExample="true" selectByExampleQueryId="true" />
		
	<table tableName="subs_combo_info" enableCountByExample="true"
		enableUpdateByExample="true" enableDeleteByExample="true"
		enableSelectByExample="true" selectByExampleQueryId="true" / -->
		
	<table tableName="syn_group_combo_info" enableCountByExample="true"
		enableUpdateByExample="true" enableDeleteByExample="true"
		enableSelectByExample="true" selectByExampleQueryId="true" />
		
	<table tableName="syn_group_combo_info_sub" enableCountByExample="true"
		enableUpdateByExample="true" enableDeleteByExample="true"
		enableSelectByExample="true" selectByExampleQueryId="true" />
	</context>
</generatorConfiguration>
