<?xml version="1.0" encoding="UTF-8"?>
<!DOCTYPE generatorConfiguration
  PUBLIC "-//mybatis.org//DTD MyBatis Generator Configuration 1.0//EN"
  "http://mybatis.org/dtd/mybatis-generator-config_1_0.dtd">

<generatorConfiguration>
	<context id="DB2Tables" targetRuntime="MyBatis3">
		<plugin type="org.mybatis.generator.plugins.RenameExampleClassPlugin">
			<property name="searchString" value="Example$" />
			<property name="replaceString" value="Criteria" />
		</plugin>
		<plugin type="org.mybatis.generator.plugins.MySQLPaginationPlugin" />    
		<commentGenerator>
			<property name="suppressDate" value="true" />
			<property name="suppressAllComments" value="true" />
		</commentGenerator>

		<jdbcConnection driverClass="com.mysql.jdbc.Driver"
			connectionURL="jdbc:mysql://223.202.119.140:39316/devibssgndb1"
			userId="devibssgnusr1" password="devibssgnusr1">
		</jdbcConnection>

		<javaTypeResolver
			type="org.mybatis.generator.internal.types.JavaTypeResolver4MvneImpl">
			<property name="forceBigDecimals" value="false" />
		</javaTypeResolver>

		<javaModelGenerator targetPackage="com.ailk.mvno.crm.commons.mapper.bo"
			targetProject="E:\iBssTrunk-2.0\ibss-commons-project\commons-center\src\main\java">
			<property name="enableSubPackages" value="true" />
			<property name="trimStrings" value="true" />
		</javaModelGenerator>

		<sqlMapGenerator targetPackage="com.ailk.mvno.crm.commons.mapper.conf"
			targetProject="E:\iBssTrunk-2.0\ibss-commons-project\commons-center\src\main\resources">
			<property name="enableSubPackages" value="true" />
		</sqlMapGenerator>

		<javaClientGenerator type="XMLMAPPER"
			targetPackage="com.ailk.mvno.crm.commons.mapper.interfaces"
			targetProject="E:\iBssTrunk-2.0\ibss-commons-project\commons-center\src\main\java">
			<property name="enableSubPackages" value="true" />
		</javaClientGenerator>



		
<table tableName="gn_acc_cust_quota_temp" enableCountByExample="true"
			enableUpdateByExample="true" enableDeleteByExample="true"
			enableSelectByExample="true" selectByExampleQueryId="true" /> 
<table tableName="gn_area" enableCountByExample="true"
			enableUpdateByExample="true" enableDeleteByExample="true"
			enableSelectByExample="true" selectByExampleQueryId="true" /> 
<table tableName="gn_area_post" enableCountByExample="true"
			enableUpdateByExample="true" enableDeleteByExample="true"
			enableSelectByExample="true" selectByExampleQueryId="true" /> 
<table tableName="gn_area_post_map" enableCountByExample="true"
			enableUpdateByExample="true" enableDeleteByExample="true"
			enableSelectByExample="true" selectByExampleQueryId="true" /> 
<table tableName="gn_area_privilege_dim_cfg" enableCountByExample="true"
			enableUpdateByExample="true" enableDeleteByExample="true"
			enableSelectByExample="true" selectByExampleQueryId="true" /> 
<table tableName="gn_bulletin" enableCountByExample="true"
			enableUpdateByExample="true" enableDeleteByExample="true"
			enableSelectByExample="true" selectByExampleQueryId="true" /> 
<table tableName="gn_cfg_properties" enableCountByExample="true"
			enableUpdateByExample="true" enableDeleteByExample="true"
			enableSelectByExample="true" selectByExampleQueryId="true" /> 
<table tableName="gn_channel" enableCountByExample="true"
			enableUpdateByExample="true" enableDeleteByExample="true"
			enableSelectByExample="true" selectByExampleQueryId="true" /> 
<table tableName="gn_channel_his" enableCountByExample="true"
			enableUpdateByExample="true" enableDeleteByExample="true"
			enableSelectByExample="true" selectByExampleQueryId="true" /> 
<table tableName="gn_channel_pos" enableCountByExample="true"
			enableUpdateByExample="true" enableDeleteByExample="true"
			enableSelectByExample="true" selectByExampleQueryId="true" /> 
<table tableName="gn_chl_storage" enableCountByExample="true"
			enableUpdateByExample="true" enableDeleteByExample="true"
			enableSelectByExample="true" selectByExampleQueryId="true" /> 
<table tableName="gn_country" enableCountByExample="true"
			enableUpdateByExample="true" enableDeleteByExample="true"
			enableSelectByExample="true" selectByExampleQueryId="true" /> 
<table tableName="gn_currency" enableCountByExample="true"
			enableUpdateByExample="true" enableDeleteByExample="true"
			enableSelectByExample="true" selectByExampleQueryId="true" /> 
<table tableName="gn_custom_complain" enableCountByExample="true"
			enableUpdateByExample="true" enableDeleteByExample="true"
			enableSelectByExample="true" selectByExampleQueryId="true" />
 <table tableName="gn_data_group" enableCountByExample="true"
			enableUpdateByExample="true" enableDeleteByExample="true"
			enableSelectByExample="true" selectByExampleQueryId="true" /> 
 <table tableName="gn_data_right" enableCountByExample="true"
			enableUpdateByExample="true" enableDeleteByExample="true"
			enableSelectByExample="true" selectByExampleQueryId="true" /> 
 <table tableName="gn_data_right_bak_0807" enableCountByExample="true"
			enableUpdateByExample="true" enableDeleteByExample="true"
			enableSelectByExample="true" selectByExampleQueryId="true" /> 
 <table tableName="gn_data_source" enableCountByExample="true"
			enableUpdateByExample="true" enableDeleteByExample="true"
			enableSelectByExample="true" selectByExampleQueryId="true" /> 
 <table tableName="gn_depart" enableCountByExample="true"
			enableUpdateByExample="true" enableDeleteByExample="true"
			enableSelectByExample="true" selectByExampleQueryId="true" /> 
 <table tableName="gn_developer" enableCountByExample="true"
			enableUpdateByExample="true" enableDeleteByExample="true"
			enableSelectByExample="true" selectByExampleQueryId="true" /> 
 <table tableName="gn_domain_def" enableCountByExample="true"
			enableUpdateByExample="true" enableDeleteByExample="true"
			enableSelectByExample="true" selectByExampleQueryId="true" /> 
 <table tableName="gn_dubbo_request" enableCountByExample="true"
			enableUpdateByExample="true" enableDeleteByExample="true"
			enableSelectByExample="true" selectByExampleQueryId="true" />
  <table tableName="gn_exception_code" enableCountByExample="true"
			enableUpdateByExample="true" enableDeleteByExample="true"
			enableSelectByExample="true" selectByExampleQueryId="true" /> 
  <table tableName="gn_fee_item_def" enableCountByExample="true"
			enableUpdateByExample="true" enableDeleteByExample="true"
			enableSelectByExample="true" selectByExampleQueryId="true" /> 
  <table tableName="gn_interface_callback_log" enableCountByExample="true"
			enableUpdateByExample="true" enableDeleteByExample="true"
			enableSelectByExample="true" selectByExampleQueryId="true" /> 
  <table tableName="gn_mail_self" enableCountByExample="true"
			enableUpdateByExample="true" enableDeleteByExample="true"
			enableSelectByExample="true" selectByExampleQueryId="true" /> 
  <table tableName="gn_menu" enableCountByExample="true"
			enableUpdateByExample="true" enableDeleteByExample="true"
			enableSelectByExample="true" selectByExampleQueryId="true" /> 
  <table tableName="gn_number_seg_area" enableCountByExample="true"
			enableUpdateByExample="true" enableDeleteByExample="true"
			enableSelectByExample="true" selectByExampleQueryId="true" /> 
  <table tableName="gn_oper" enableCountByExample="true"
			enableUpdateByExample="true" enableDeleteByExample="true"
			enableSelectByExample="true" selectByExampleQueryId="true" /> 
  <table tableName="gn_oper_data" enableCountByExample="true"
			enableUpdateByExample="true" enableDeleteByExample="true"
			enableSelectByExample="true" selectByExampleQueryId="true" /> 
  <table tableName="gn_oper_opt_log" enableCountByExample="true"
			enableUpdateByExample="true" enableDeleteByExample="true"
			enableSelectByExample="true" selectByExampleQueryId="true" /> 
  <table tableName="gn_oper_opt_log_201411" enableCountByExample="true"
			enableUpdateByExample="true" enableDeleteByExample="true"
			enableSelectByExample="true" selectByExampleQueryId="true" /> 
  <table tableName="gn_oper_opt_log_201412" enableCountByExample="true"
			enableUpdateByExample="true" enableDeleteByExample="true"
			enableSelectByExample="true" selectByExampleQueryId="true" /> 
  <table tableName="gn_oper_role" enableCountByExample="true"
			enableUpdateByExample="true" enableDeleteByExample="true"
			enableSelectByExample="true" selectByExampleQueryId="true" /> 
  <table tableName="gn_oprate_menu_log" enableCountByExample="true"
			enableUpdateByExample="true" enableDeleteByExample="true"
			enableSelectByExample="true" selectByExampleQueryId="true" /> 
  <table tableName="gn_pay_bank" enableCountByExample="true"
			enableUpdateByExample="true" enableDeleteByExample="true"
			enableSelectByExample="true" selectByExampleQueryId="true" /> 
  <table tableName="gn_role" enableCountByExample="true"
			enableUpdateByExample="true" enableDeleteByExample="true"
			enableSelectByExample="true" selectByExampleQueryId="true" /> 
  <table tableName="gn_role_data" enableCountByExample="true"
			enableUpdateByExample="true" enableDeleteByExample="true"
			enableSelectByExample="true" selectByExampleQueryId="true" /> 
  <table tableName="gn_role_menu" enableCountByExample="true"
			enableUpdateByExample="true" enableDeleteByExample="true"
			enableSelectByExample="true" selectByExampleQueryId="true" /> 
  <table tableName="gn_rule_def" enableCountByExample="true"
			enableUpdateByExample="true" enableDeleteByExample="true"
			enableSelectByExample="true" selectByExampleQueryId="true" /> 
  <table tableName="gn_service_route_config" enableCountByExample="true"
			enableUpdateByExample="true" enableDeleteByExample="true"
			enableSelectByExample="true" selectByExampleQueryId="true" /> 
  <table tableName="gn_service_route_config_bak" enableCountByExample="true"
			enableUpdateByExample="true" enableDeleteByExample="true"
			enableSelectByExample="true" selectByExampleQueryId="true" /> 
  <table tableName="gn_sms_send_config" enableCountByExample="true"
			enableUpdateByExample="true" enableDeleteByExample="true"
			enableSelectByExample="true" selectByExampleQueryId="true" /> 
  <table tableName="gn_staff" enableCountByExample="true"
			enableUpdateByExample="true" enableDeleteByExample="true"
			enableSelectByExample="true" selectByExampleQueryId="true" /> 
  <table tableName="gn_staff_pwd" enableCountByExample="true"
			enableUpdateByExample="true" enableDeleteByExample="true"
			enableSelectByExample="true" selectByExampleQueryId="true" /> 
  <table tableName="gn_sys_cache" enableCountByExample="true"
			enableUpdateByExample="true" enableDeleteByExample="true"
			enableSelectByExample="true" selectByExampleQueryId="true" /> 
  <table tableName="gn_sys_param" enableCountByExample="true"
			enableUpdateByExample="true" enableDeleteByExample="true"
			enableSelectByExample="true" selectByExampleQueryId="true" /> 
  <table tableName="gn_sys_sql_param" enableCountByExample="true"
			enableUpdateByExample="true" enableDeleteByExample="true"
			enableSelectByExample="true" selectByExampleQueryId="true" /> 
  <table tableName="gn_tab_logon" enableCountByExample="true"
			enableUpdateByExample="true" enableDeleteByExample="true"
			enableSelectByExample="true" selectByExampleQueryId="true" /> 
  <table tableName="gn_tab_logon_log" enableCountByExample="true"
			enableUpdateByExample="true" enableDeleteByExample="true"
			enableSelectByExample="true" selectByExampleQueryId="true" /> 
  <table tableName="gn_tab_oprate_menu_201406" enableCountByExample="true"
			enableUpdateByExample="true" enableDeleteByExample="true"
			enableSelectByExample="true" selectByExampleQueryId="true" /> 
  <table tableName="gn_tab_oprate_menu_201407" enableCountByExample="true"
			enableUpdateByExample="true" enableDeleteByExample="true"
			enableSelectByExample="true" selectByExampleQueryId="true" /> 
  <table tableName="gn_tab_oprate_menu_201408" enableCountByExample="true"
			enableUpdateByExample="true" enableDeleteByExample="true"
			enableSelectByExample="true" selectByExampleQueryId="true" /> 
  <table tableName="gn_tab_oprate_menu_201409" enableCountByExample="true"
			enableUpdateByExample="true" enableDeleteByExample="true"
			enableSelectByExample="true" selectByExampleQueryId="true" /> 
  <table tableName="gn_tab_oprate_menu_201410" enableCountByExample="true"
			enableUpdateByExample="true" enableDeleteByExample="true"
			enableSelectByExample="true" selectByExampleQueryId="true" /> 
  <table tableName="gn_tab_oprate_menu_201411" enableCountByExample="true"
			enableUpdateByExample="true" enableDeleteByExample="true"
			enableSelectByExample="true" selectByExampleQueryId="true" /> 
  <table tableName="gn_tab_oprate_menu_201412" enableCountByExample="true"
			enableUpdateByExample="true" enableDeleteByExample="true"
			enableSelectByExample="true" selectByExampleQueryId="true" /> 
  <table tableName="gn_tab_reg_service" enableCountByExample="true"
			enableUpdateByExample="true" enableDeleteByExample="true"
			enableSelectByExample="true" selectByExampleQueryId="true" /> 
  <table tableName="gn_tab_sys_ip_map" enableCountByExample="true"
			enableUpdateByExample="true" enableDeleteByExample="true"
			enableSelectByExample="true" selectByExampleQueryId="true" /> 
  <table tableName="gn_tab_system" enableCountByExample="true"
			enableUpdateByExample="true" enableDeleteByExample="true"
			enableSelectByExample="true" selectByExampleQueryId="true" /> 
  <table tableName="gn_tab_url_obviable" enableCountByExample="true"
			enableUpdateByExample="true" enableDeleteByExample="true"
			enableSelectByExample="true" selectByExampleQueryId="true" />

		
	</context>
</generatorConfiguration>
