<?xml version="1.0" encoding="UTF-8"?>
<!DOCTYPE generatorConfiguration
  PUBLIC "-//mybatis.org//DTD MyBatis Generator Configuration 1.0//EN"
  "http://mybatis.org/dtd/mybatis-generator-config_1_0.dtd">

<generatorConfiguration>
	<context id="DB2Tables" targetRuntime="MyBatis3">
		<plugin type="org.mybatis.generator.plugins.RenameExampleClassPlugin">
			<property name="searchString" value="Example$" />
			<property name="replaceString" value="Criteria" />
		</plugin>
		<plugin type="org.mybatis.generator.plugins.MySQLPaginationPlugin" />    
		<commentGenerator>
			<property name="suppressDate" value="true" />
			<property name="suppressAllComments" value="true" />
		</commentGenerator>

		<jdbcConnection driverClass="com.mysql.jdbc.Driver"
			connectionURL="jdbc:mysql://223.202.119.140:39316/devibsscmdb1"
			userId="devibsscmusr1" password="devibsscmusr1">
		</jdbcConnection>

		<javaTypeResolver
			type="org.mybatis.generator.internal.types.JavaTypeResolver4MvneImpl">
			<property name="forceBigDecimals" value="false" />
		</javaTypeResolver>


		<javaModelGenerator targetPackage="com.ailk.mvno.crm.custservice.mapper.bo"
			targetProject="E:\iBssTrunk-2.0\ibss-custservice-project\custservice-center\src\main\java">
			<property name="enableSubPackages" value="true" />
			<property name="trimStrings" value="true" />
		</javaModelGenerator>

		<sqlMapGenerator targetPackage="com.ailk.mvno.crm.custservice.mapper.conf"
			targetProject="E:\iBssTrunk-2.0\ibss-custservice-project\custservice-center\src\main\resources">
			<property name="enableSubPackages" value="true" />
		</sqlMapGenerator>

		<javaClientGenerator type="XMLMAPPER"
			targetPackage="com.ailk.mvno.crm.custservice.mapper.interfaces"
			targetProject="E:\iBssTrunk-2.0\ibss-custservice-project\custservice-center\src\main\java">
			<property name="enableSubPackages" value="true" />
		</javaClientGenerator>


			<table tableName="CM_SERVICE_INFO" enableCountByExample="true"
						enableUpdateByExample="true" enableDeleteByExample="true"
						enableSelectByExample="true" selectByExampleQueryId="true" /> 
			<table tableName="CM_SEVICE_TRACK" enableCountByExample="true"
						enableUpdateByExample="true" enableDeleteByExample="true"
						enableSelectByExample="true" selectByExampleQueryId="true" /> 
			
		
	</context>
</generatorConfiguration>
