<?xml version="1.0" encoding="UTF-8"?>
<!DOCTYPE generatorConfiguration
  PUBLIC "-//mybatis.org//DTD MyBatis Generator Configuration 1.0//EN"
  "http://mybatis.org/dtd/mybatis-generator-config_1_0.dtd">

<generatorConfiguration>
  <context id="DB2Tables" targetRuntime="MyBatis3">
	<plugin type="org.mybatis.generator.plugins.RenameExampleClassPlugin">
			<property name="searchString" value="Example$" />
			<property name="replaceString" value="Criteria" />
	</plugin>
	<plugin type="org.mybatis.generator.plugins.MySQLPaginationPlugin" />    
	<commentGenerator>
		<property name="suppressDate" value="true" />
		<property name="suppressAllComments" value="true" />
	</commentGenerator>
  
    <jdbcConnection driverClass="com.mysql.jdbc.Driver"
        connectionURL="jdbc:mysql://127.0.01:3306/ebilling"
        userId="root"
        password="">
    </jdbcConnection>

    <javaTypeResolver >
      <property name="forceBigDecimals" value="false" />
    </javaTypeResolver>

    <javaModelGenerator targetPackage="com.ai.runner.sms.dao.mapper.bo" targetProject="F:/mybatis-generator/test/src">
      <property name="enableSubPackages" value="true" />
      <property name="trimStrings" value="false" />
    </javaModelGenerator>

    <sqlMapGenerator targetPackage="mybatis.mapper.sms"  targetProject="F:/mybatis-generator/test/src">
      <property name="enableSubPackages" value="true" />
    </sqlMapGenerator>

    <javaClientGenerator type="XMLMAPPER" targetPackage="com.ai.runner.sms.dao.mapper.interfaces"  targetProject="F:/mybatis-generator/test/src">
      <property name="enableSubPackages" value="true" />
    </javaClientGenerator>
		
	<table tableName="sys_sequence_credit" enableCountByExample="true"
		enableUpdateByExample="true" enableDeleteByExample="true"
		enableSelectByExample="true" selectByExampleQueryId="true" />

  </context>
</generatorConfiguration>