<?xml version="1.0" encoding="UTF-8"?>
<!DOCTYPE generatorConfiguration
  PUBLIC "-//mybatis.org//DTD MyBatis Generator Configuration 1.0//EN"
  "http://mybatis.org/dtd/mybatis-generator-config_1_0.dtd">

<generatorConfiguration>
  <context id="DB2Tables" targetRuntime="MyBatis3">
	<plugin type="org.mybatis.generator.plugins.RenameExampleClassPlugin">
			<property name="searchString" value="Example$" />
			<property name="replaceString" value="Criteria" />
	</plugin>
	<plugin type="org.mybatis.generator.plugins.MySQLPaginationPlugin" />    
	<commentGenerator>
		<property name="suppressDate" value="true" />
		<property name="suppressAllComments" value="true" />
	</commentGenerator>
  
    <jdbcConnection driverClass="com.mysql.jdbc.Driver"
        connectionURL="jdbc:mysql://127.0.01:3306/frain"
        userId="root"
        password="">
    </jdbcConnection>

    <javaTypeResolver >
      <property name="forceBigDecimals" value="false" />
    </javaTypeResolver>

    <javaModelGenerator targetPackage="com.frain.core.dao.bo" targetProject="F:/mybatis-generator/test/src">
      <property name="enableSubPackages" value="true" />
      <property name="trimStrings" value="false" />
    </javaModelGenerator>

    <sqlMapGenerator targetPackage="mapper"  targetProject="F:/mybatis-generator/test/src">
      <property name="enableSubPackages" value="true" />
    </sqlMapGenerator>

    <javaClientGenerator type="XMLMAPPER" targetPackage="com.frain.core.dao.mapper"  targetProject="F:/mybatis-generator/test/src">
      <property name="enableSubPackages" value="true" />
    </javaClientGenerator>

		
	<table tableName="t_vote" domainObjectName="Vote" enableCountByExample="true"
		enableUpdateByExample="true" enableDeleteByExample="true"
		enableSelectByExample="true" selectByExampleQueryId="true"></table>
		
	<table tableName="t_vote_share" domainObjectName="VoteShare" enableCountByExample="true"
		enableUpdateByExample="true" enableDeleteByExample="true"
		enableSelectByExample="true" selectByExampleQueryId="true"></table>
	
	<table tableName="t_vote_toupiao" domainObjectName="VoteToupiao" enableCountByExample="true"
		enableUpdateByExample="true" enableDeleteByExample="true"
		enableSelectByExample="true" selectByExampleQueryId="true"></table>
	
	<table tableName="t_vote_user" domainObjectName="VoteUser" enableCountByExample="true"
		enableUpdateByExample="true" enableDeleteByExample="true"
		enableSelectByExample="true" selectByExampleQueryId="true"></table>
		
	<table tableName="t_vote_zuopin" domainObjectName="VoteZuopin" enableCountByExample="true"
		enableUpdateByExample="true" enableDeleteByExample="true"
		enableSelectByExample="true" selectByExampleQueryId="true"></table>
		
		<table tableName="t_permission" domainObjectName="Permission" enableCountByExample="true"
		enableUpdateByExample="true" enableDeleteByExample="true"
		enableSelectByExample="true" selectByExampleQueryId="true"></table>
		<table tableName="t_role" domainObjectName="Role" enableCountByExample="true"
		enableUpdateByExample="true" enableDeleteByExample="true"
		enableSelectByExample="true" selectByExampleQueryId="true"></table>
		<table tableName="t_user" domainObjectName="User" enableCountByExample="true"
		enableUpdateByExample="true" enableDeleteByExample="true"
		enableSelectByExample="true" selectByExampleQueryId="true"></table>
		<table tableName="t_user_role" domainObjectName="UserRole" enableCountByExample="true"
		enableUpdateByExample="true" enableDeleteByExample="true"
		enableSelectByExample="true" selectByExampleQueryId="true"></table>
	
	<!--table tableName="t_tel" domainObjectName="Tel"></table -->
	
	<!--table tableName="t_permission" domainObjectName="Permission"></table>
	<table tableName="t_role" domainObjectName="Role"></table>
	<table tableName="t_user" domainObjectName="User"></table>
	<table tableName="t_user_role" domainObjectName="UserRole"></table>
	<table tableName="t_vote" domainObjectName="Vote"></table>
	<table tableName="t_vote_tongji" domainObjectName="VoteTongji"></table>
	<table tableName="t_vote_toupiao" domainObjectName="VoteToupiao"></table>
	<table tableName="t_vote_user" domainObjectName="VoteUser"></table>
	<table tableName="t_vote_zuopin" domainObjectName="VoteZuopin"></table -->
	<!--1-->
    <!--table schema="user" tableName="ALLTYPES" domainObjectName="Customer" >
      <property name="useActualColumnNames" value="true"/>
      <generatedKey column="ID" sqlStatement="DB2" identity="true" />
      <columnOverride column="DATE_FIELD" property="startDate" />
      <ignoreColumn column="FRED" />
      <columnOverride column="LONG_VARCHAR_FIELD" jdbcType="VARCHAR" />
    </table -->
	<!--2-->
	<!--table tableName="user" domainObjectName="User" enableCountByExample="false" enableUpdateByExample="false" enableDeleteByExample="false" enableSelectByExample="false" selectByExampleQueryId="false"></table-->

  </context>
</generatorConfiguration>