<?xml version="1.0" encoding="UTF-8"?>
<!DOCTYPE generatorConfiguration
  PUBLIC "-//mybatis.org//DTD MyBatis Generator Configuration 1.0//EN"
  "http://mybatis.org/dtd/mybatis-generator-config_1_0.dtd">

<generatorConfiguration>
  <classPathEntry location="mysql-connector-java-5.1.35.jar" />

  <context id="MYSQL" targetRuntime="MyBatis3">
	<commentGenerator>
		<property name="suppressAllComments" value="true" /> 
	</commentGenerator>
  
    <jdbcConnection driverClass="com.mysql.jdbc.Driver"
        connectionURL="jdbc:mysql://10.1.228.222:31306/optmnodb1"
        userId="devoptmnousr01"
        password="devoptmnousr01_1234">
    </jdbcConnection>

    <javaTypeResolver >
      <property name="forceBigDecimals" value="false" />
    </javaTypeResolver>

    <javaModelGenerator targetPackage="com.ai.runner.mno.dao.mapper.bo" targetProject="test/src">
      <property name="enableSubPackages" value="true" />
      <property name="trimStrings" value="true" />
    </javaModelGenerator>

    <sqlMapGenerator targetPackage="mybatis.mapper.mno"  targetProject="test/src">
      <property name="enableSubPackages" value="true" />
    </sqlMapGenerator>

    <javaClientGenerator type="XMLMAPPER" targetPackage="com.ai.runner.mno.dao.mapper.interfaces"  targetProject="test/src">
      <property name="enableSubPackages" value="true" />
    </javaClientGenerator>

	<table tableName="api_user_auth_log" domainObjectName="ApiUserAuthLog"></table>
	
	<!--table tableName="t_tel" domainObjectName="Tel"></table -->
	
	<!--table tableName="t_permission" domainObjectName="Permission"></table>
	<table tableName="t_role" domainObjectName="Role"></table>
	<table tableName="t_user" domainObjectName="User"></table>
	<table tableName="t_user_role" domainObjectName="UserRole"></table>
	<table tableName="t_vote" domainObjectName="Vote"></table>
	<table tableName="t_vote_tongji" domainObjectName="VoteTongji"></table>
	<table tableName="t_vote_toupiao" domainObjectName="VoteToupiao"></table>
	<table tableName="t_vote_user" domainObjectName="VoteUser"></table>
	<table tableName="t_vote_zuopin" domainObjectName="VoteZuopin"></table -->
	<!--1-->
    <!--table schema="user" tableName="ALLTYPES" domainObjectName="Customer" >
      <property name="useActualColumnNames" value="true"/>
      <generatedKey column="ID" sqlStatement="DB2" identity="true" />
      <columnOverride column="DATE_FIELD" property="startDate" />
      <ignoreColumn column="FRED" />
      <columnOverride column="LONG_VARCHAR_FIELD" jdbcType="VARCHAR" />
    </table -->
	<!--2-->
	<!--table tableName="user" domainObjectName="User" enableCountByExample="false" enableUpdateByExample="false" enableDeleteByExample="false" enableSelectByExample="false" selectByExampleQueryId="false"></table-->

  </context>
</generatorConfiguration>